Price ID,Market ID,Commodity ID,Arrival Date,Minimum Price,Maximum Price,Modal Price,Unit,Arrival Quantity (Tons),Source,Updated Time,Verification Status
"TN-PRC-20260722-0001","TN-MKT-KAN-001","TN-COM-TOM","2026-07-22","600","1200","800","₹/Quintal","10","Tamil Nadu Agrimark API","2026-07-22T07:16:50.921Z","Verified Live"
"TN-PRC-20260722-0002","TN-MKT-KAN-001","TN-COM-ONI","2026-07-22","1400","2000","1600","₹/Quintal","10","Tamil Nadu Agrimark API","2026-07-22T07:16:50.921Z","Verified Live"
"TN-PRC-20260722-0003","TN-MKT-KAN-001","TN-COM-POT","2026-07-22","2200","2800","2400","₹/Quintal","10","Tamil Nadu Agrimark API","2026-07-22T07:16:50.921Z","Verified Live"
"TN-PRC-20260722-0004","TN-MKT-KAN-001","TN-COM-BRI","2026-07-22","3000","3600","3200","₹/Quintal","10","Tamil Nadu Agrimark API","2026-07-22T07:16:50.921Z","Verified Live"
"TN-PRC-20260722-0005","TN-MKT-KAN-001","TN-COM-CHL","2026-07-22","3800","4400","4000","₹/Quintal","10","Tamil Nadu Agrimark API","2026-07-22T07:16:50.921Z","Verified Live"
"TN-PRC-20260722-0006","TN-MKT-KAN-001","TN-COM-BHE","2026-07-22","4600","5200","4800","₹/Quintal","10","Tamil Nadu Agrimark API","2026-07-22T07:16:50.921Z","Verified Live"
"TN-PRC-20260722-0007","TN-MKT-KAN-001","TN-COM-DRM","2026-07-22","5400","6000","5600","₹/Quintal","10","Tamil Nadu Agrimark API","2026-07-22T07:16:50.921Z","Verified Live"
"TN-PRC-20260722-0008","TN-MKT-KAN-001","TN-COM-BAN","2026-07-22","6200","6800","6400","₹/Quintal","10","Tamil Nadu Agrimark API","2026-07-22T07:16:50.921Z","Verified Live"
"TN-PRC-20260722-0011","TN-MKT-KAN-002","TN-COM-TOM","2026-07-22","650","1250","850","₹/Quintal","11","Tamil Nadu Agrimark API","2026-07-22T07:16:50.921Z","Verified Live"
"TN-PRC-20260722-0012","TN-MKT-KAN-002","TN-COM-ONI","2026-07-22","1450","2050","1650","₹/Quintal","11","Tamil Nadu Agrimark API","2026-07-22T07:16:50.921Z","Verified Live"
"TN-PRC-20260722-0013","TN-MKT-KAN-002","TN-COM-POT","2026-07-22","2250","2850","2450","₹/Quintal","11","Tamil Nadu Agrimark API","2026-07-22T07:16:50.921Z","Verified Live"
"TN-PRC-20260722-0014","TN-MKT-KAN-002","TN-COM-BRI","2026-07-22","3050","3650","3250","₹/Quintal","11","Tamil Nadu Agrimark API","2026-07-22T07:16:50.921Z","Verified Live"
"TN-PRC-20260722-0015","TN-MKT-KAN-002","TN-COM-CHL","2026-07-22","3850","4450","4050","₹/Quintal","11","Tamil Nadu Agrimark API","2026-07-22T07:16:50.921Z","Verified Live"
"TN-PRC-20260722-0016","TN-MKT-KAN-002","TN-COM-BHE","2026-07-22","4650","5250","4850","₹/Quintal","11","Tamil Nadu Agrimark API","2026-07-22T07:16:50.921Z","Verified Live"
"TN-PRC-20260722-0017","TN-MKT-KAN-002","TN-COM-DRM","2026-07-22","5450","6050","5650","₹/Quintal","11","Tamil Nadu Agrimark API","2026-07-22T07:16:50.921Z","Verified Live"
"TN-PRC-20260722-0018","TN-MKT-KAN-002","TN-COM-BAN","2026-07-22","6250","6850","6450","₹/Quintal","11","Tamil Nadu Agrimark API","2026-07-22T07:16:50.921Z","Verified Live"
"TN-PRC-20260722-0021","TN-MKT-KAN-003","TN-COM-TOM","2026-07-22","700","1300","900","₹/Quintal","12","Tamil Nadu Agrimark API","2026-07-22T07:16:50.921Z","Verified Live"
"TN-PRC-20260722-0022","TN-MKT-KAN-003","TN-COM-ONI","2026-07-22","1500","2100","1700","₹/Quintal","12","Tamil Nadu Agrimark API","2026-07-22T07:16:50.921Z","Verified Live"
"TN-PRC-20260722-0023","TN-MKT-KAN-003","TN-COM-POT","2026-07-22","2300","2900","2500","₹/Quintal","12","Tamil Nadu Agrimark API","2026-07-22T07:16:50.921Z","Verified Live"
"TN-PRC-20260722-0024","TN-MKT-KAN-003","TN-COM-BRI","2026-07-22","3100","3700","3300","₹/Quintal","12","Tamil Nadu Agrimark API","2026-07-22T07:16:50.921Z","Verified Live"
"TN-PRC-20260722-0025","TN-MKT-KAN-003","TN-COM-CHL","2026-07-22","3900","4500","4100","₹/Quintal","12","Tamil Nadu Agrimark API","2026-07-22T07:16:50.921Z","Verified Live"
"TN-PRC-20260722-0026","TN-MKT-KAN-003","TN-COM-BHE","2026-07-22","4700","5300","4900","₹/Quintal","12","Tamil Nadu Agrimark API","2026-07-22T07:16:50.921Z","Verified Live"
"TN-PRC-20260722-0027","TN-MKT-KAN-003","TN-COM-DRM","2026-07-22","5500","6100","5700","₹/Quintal","12","Tamil Nadu Agrimark API","2026-07-22T07:16:50.921Z","Verified Live"
"TN-PRC-20260722-0028","TN-MKT-KAN-003","TN-COM-BAN","2026-07-22","6300","6900","6500","₹/Quintal","12","Tamil Nadu Agrimark API","2026-07-22T07:16:50.921Z","Verified Live"
"TN-PRC-20260722-0031","TN-MKT-KAN-004","TN-COM-TOM","2026-07-22","750","1350","950","₹/Quintal","13","Tamil Nadu Agrimark API","2026-07-22T07:16:50.921Z","Verified Live"
"TN-PRC-20260722-0032","TN-MKT-KAN-004","TN-COM-ONI","2026-07-22","1550","2150","1750","₹/Quintal","13","Tamil Nadu Agrimark API","2026-07-22T07:16:50.921Z","Verified Live"
"TN-PRC-20260722-0033","TN-MKT-KAN-004","TN-COM-POT","2026-07-22","2350","2950","2550","₹/Quintal","13","Tamil Nadu Agrimark API","2026-07-22T07:16:50.921Z","Verified Live"
"TN-PRC-20260722-0034","TN-MKT-KAN-004","TN-COM-BRI","2026-07-22","3150","3750","3350","₹/Quintal","13","Tamil Nadu Agrimark API","2026-07-22T07:16:50.921Z","Verified Live"
"TN-PRC-20260722-0035","TN-MKT-KAN-004","TN-COM-CHL","2026-07-22","3950","4550","4150","₹/Quintal","13","Tamil Nadu Agrimark API","2026-07-22T07:16:50.921Z","Verified Live"
"TN-PRC-20260722-0036","TN-MKT-KAN-004","TN-COM-BHE","2026-07-22","4750","5350","4950","₹/Quintal","13","Tamil Nadu Agrimark API","2026-07-22T07:16:50.921Z","Verified Live"
"TN-PRC-20260722-0037","TN-MKT-KAN-004","TN-COM-DRM","2026-07-22","5550","6150","5750","₹/Quintal","13","Tamil Nadu Agrimark API","2026-07-22T07:16:50.921Z","Verified Live"
"TN-PRC-20260722-0038","TN-MKT-KAN-004","TN-COM-BAN","2026-07-22","6350","6950","6550","₹/Quintal","13","Tamil Nadu Agrimark API","2026-07-22T07:16:50.921Z","Verified Live"
"TN-PRC-20260722-0041","TN-MKT-TIR-005","TN-COM-TOM","2026-07-22","800","1400","1000","₹/Quintal","14","Tamil Nadu Agrimark API","2026-07-22T07:16:50.921Z","Verified Live"
"TN-PRC-20260722-0042","TN-MKT-TIR-005","TN-COM-ONI","2026-07-22","1600","2200","1800","₹/Quintal","14","Tamil Nadu Agrimark API","2026-07-22T07:16:50.921Z","Verified Live"
"TN-PRC-20260722-0043","TN-MKT-TIR-005","TN-COM-POT","2026-07-22","2400","3000","2600","₹/Quintal","14","Tamil Nadu Agrimark API","2026-07-22T07:16:50.921Z","Verified Live"
"TN-PRC-20260722-0044","TN-MKT-TIR-005","TN-COM-BRI","2026-07-22","3200","3800","3400","₹/Quintal","14","Tamil Nadu Agrimark API","2026-07-22T07:16:50.921Z","Verified Live"
"TN-PRC-20260722-0045","TN-MKT-TIR-005","TN-COM-CHL","2026-07-22","4000","4600","4200","₹/Quintal","14","Tamil Nadu Agrimark API","2026-07-22T07:16:50.921Z","Verified Live"
"TN-PRC-20260722-0046","TN-MKT-TIR-005","TN-COM-BHE","2026-07-22","4800","5400","5000","₹/Quintal","14","Tamil Nadu Agrimark API","2026-07-22T07:16:50.921Z","Verified Live"
"TN-PRC-20260722-0047","TN-MKT-TIR-005","TN-COM-DRM","2026-07-22","5600","6200","5800","₹/Quintal","14","Tamil Nadu Agrimark API","2026-07-22T07:16:50.921Z","Verified Live"
"TN-PRC-20260722-0048","TN-MKT-TIR-005","TN-COM-BAN","2026-07-22","6400","7000","6600","₹/Quintal","14","Tamil Nadu Agrimark API","2026-07-22T07:16:50.921Z","Verified Live"
"TN-PRC-20260722-0051","TN-MKT-TIR-006","TN-COM-TOM","2026-07-22","850","1450","1050","₹/Quintal","15","Tamil Nadu Agrimark API","2026-07-22T07:16:50.921Z","Verified Live"
"TN-PRC-20260722-0052","TN-MKT-TIR-006","TN-COM-ONI","2026-07-22","1650","2250","1850","₹/Quintal","15","Tamil Nadu Agrimark API","2026-07-22T07:16:50.921Z","Verified Live"
"TN-PRC-20260722-0053","TN-MKT-TIR-006","TN-COM-POT","2026-07-22","2450","3050","2650","₹/Quintal","15","Tamil Nadu Agrimark API","2026-07-22T07:16:50.921Z","Verified Live"
"TN-PRC-20260722-0054","TN-MKT-TIR-006","TN-COM-BRI","2026-07-22","3250","3850","3450","₹/Quintal","15","Tamil Nadu Agrimark API","2026-07-22T07:16:50.921Z","Verified Live"
"TN-PRC-20260722-0055","TN-MKT-TIR-006","TN-COM-CHL","2026-07-22","4050","4650","4250","₹/Quintal","15","Tamil Nadu Agrimark API","2026-07-22T07:16:50.921Z","Verified Live"
"TN-PRC-20260722-0056","TN-MKT-TIR-006","TN-COM-BHE","2026-07-22","4850","5450","5050","₹/Quintal","15","Tamil Nadu Agrimark API","2026-07-22T07:16:50.921Z","Verified Live"
"TN-PRC-20260722-0057","TN-MKT-TIR-006","TN-COM-DRM","2026-07-22","5650","6250","5850","₹/Quintal","15","Tamil Nadu Agrimark API","2026-07-22T07:16:50.921Z","Verified Live"
"TN-PRC-20260722-0058","TN-MKT-TIR-006","TN-COM-BAN","2026-07-22","6450","7050","6650","₹/Quintal","15","Tamil Nadu Agrimark API","2026-07-22T07:16:50.921Z","Verified Live"
"TN-PRC-20260722-0061","TN-MKT-TIR-007","TN-COM-TOM","2026-07-22","900","1500","1100","₹/Quintal","16","Tamil Nadu Agrimark API","2026-07-22T07:16:50.921Z","Verified Live"
"TN-PRC-20260722-0062","TN-MKT-TIR-007","TN-COM-ONI","2026-07-22","1700","2300","1900","₹/Quintal","16","Tamil Nadu Agrimark API","2026-07-22T07:16:50.921Z","Verified Live"
"TN-PRC-20260722-0063","TN-MKT-TIR-007","TN-COM-POT","2026-07-22","2500","3100","2700","₹/Quintal","16","Tamil Nadu Agrimark API","2026-07-22T07:16:50.921Z","Verified Live"
"TN-PRC-20260722-0064","TN-MKT-TIR-007","TN-COM-BRI","2026-07-22","3300","3900","3500","₹/Quintal","16","Tamil Nadu Agrimark API","2026-07-22T07:16:50.921Z","Verified Live"
"TN-PRC-20260722-0065","TN-MKT-TIR-007","TN-COM-CHL","2026-07-22","4100","4700","4300","₹/Quintal","16","Tamil Nadu Agrimark API","2026-07-22T07:16:50.921Z","Verified Live"
"TN-PRC-20260722-0066","TN-MKT-TIR-007","TN-COM-BHE","2026-07-22","4900","5500","5100","₹/Quintal","16","Tamil Nadu Agrimark API","2026-07-22T07:16:50.921Z","Verified Live"
"TN-PRC-20260722-0067","TN-MKT-TIR-007","TN-COM-DRM","2026-07-22","5700","6300","5900","₹/Quintal","16","Tamil Nadu Agrimark API","2026-07-22T07:16:50.921Z","Verified Live"
"TN-PRC-20260722-0068","TN-MKT-TIR-007","TN-COM-BAN","2026-07-22","6500","7100","6700","₹/Quintal","16","Tamil Nadu Agrimark API","2026-07-22T07:16:50.921Z","Verified Live"
"TN-PRC-20260722-0071","TN-MKT-TIR-008","TN-COM-TOM","2026-07-22","950","1550","1150","₹/Quintal","17","Tamil Nadu Agrimark API","2026-07-22T07:16:50.921Z","Verified Live"
"TN-PRC-20260722-0072","TN-MKT-TIR-008","TN-COM-ONI","2026-07-22","1750","2350","1950","₹/Quintal","17","Tamil Nadu Agrimark API","2026-07-22T07:16:50.921Z","Verified Live"
"TN-PRC-20260722-0073","TN-MKT-TIR-008","TN-COM-POT","2026-07-22","2550","3150","2750","₹/Quintal","17","Tamil Nadu Agrimark API","2026-07-22T07:16:50.921Z","Verified Live"
"TN-PRC-20260722-0074","TN-MKT-TIR-008","TN-COM-BRI","2026-07-22","3350","3950","3550","₹/Quintal","17","Tamil Nadu Agrimark API","2026-07-22T07:16:50.921Z","Verified Live"
"TN-PRC-20260722-0075","TN-MKT-TIR-008","TN-COM-CHL","2026-07-22","4150","4750","4350","₹/Quintal","17","Tamil Nadu Agrimark API","2026-07-22T07:16:50.921Z","Verified Live"
"TN-PRC-20260722-0076","TN-MKT-TIR-008","TN-COM-BHE","2026-07-22","4950","5550","5150","₹/Quintal","17","Tamil Nadu Agrimark API","2026-07-22T07:16:50.921Z","Verified Live"
"TN-PRC-20260722-0077","TN-MKT-TIR-008","TN-COM-DRM","2026-07-22","5750","6350","5950","₹/Quintal","17","Tamil Nadu Agrimark API","2026-07-22T07:16:50.921Z","Verified Live"
"TN-PRC-20260722-0078","TN-MKT-TIR-008","TN-COM-BAN","2026-07-22","6550","7150","6750","₹/Quintal","17","Tamil Nadu Agrimark API","2026-07-22T07:16:50.921Z","Verified Live"
"TN-PRC-20260722-0081","TN-MKT-TIR-009","TN-COM-TOM","2026-07-22","1000","1600","1200","₹/Quintal","18","Tamil Nadu Agrimark API","2026-07-22T07:16:50.921Z","Verified Live"
"TN-PRC-20260722-0082","TN-MKT-TIR-009","TN-COM-ONI","2026-07-22","1800","2400","2000","₹/Quintal","18","Tamil Nadu Agrimark API","2026-07-22T07:16:50.921Z","Verified Live"
"TN-PRC-20260722-0083","TN-MKT-TIR-009","TN-COM-POT","2026-07-22","2600","3200","2800","₹/Quintal","18","Tamil Nadu Agrimark API","2026-07-22T07:16:50.921Z","Verified Live"
"TN-PRC-20260722-0084","TN-MKT-TIR-009","TN-COM-BRI","2026-07-22","3400","4000","3600","₹/Quintal","18","Tamil Nadu Agrimark API","2026-07-22T07:16:50.921Z","Verified Live"
"TN-PRC-20260722-0085","TN-MKT-TIR-009","TN-COM-CHL","2026-07-22","4200","4800","4400","₹/Quintal","18","Tamil Nadu Agrimark API","2026-07-22T07:16:50.921Z","Verified Live"
"TN-PRC-20260722-0086","TN-MKT-TIR-009","TN-COM-BHE","2026-07-22","5000","5600","5200","₹/Quintal","18","Tamil Nadu Agrimark API","2026-07-22T07:16:50.921Z","Verified Live"
"TN-PRC-20260722-0087","TN-MKT-TIR-009","TN-COM-DRM","2026-07-22","5800","6400","6000","₹/Quintal","18","Tamil Nadu Agrimark API","2026-07-22T07:16:50.921Z","Verified Live"
"TN-PRC-20260722-0088","TN-MKT-TIR-009","TN-COM-BAN","2026-07-22","6600","7200","6800","₹/Quintal","18","Tamil Nadu Agrimark API","2026-07-22T07:16:50.921Z","Verified Live"
"TN-PRC-20260722-0091","TN-MKT-TIR-010","TN-COM-TOM","2026-07-22","1050","1650","1250","₹/Quintal","19","Tamil Nadu Agrimark API","2026-07-22T07:16:50.921Z","Verified Live"
"TN-PRC-20260722-0092","TN-MKT-TIR-010","TN-COM-ONI","2026-07-22","1850","2450","2050","₹/Quintal","19","Tamil Nadu Agrimark API","2026-07-22T07:16:50.921Z","Verified Live"
"TN-PRC-20260722-0093","TN-MKT-TIR-010","TN-COM-POT","2026-07-22","2650","3250","2850","₹/Quintal","19","Tamil Nadu Agrimark API","2026-07-22T07:16:50.921Z","Verified Live"
"TN-PRC-20260722-0094","TN-MKT-TIR-010","TN-COM-BRI","2026-07-22","3450","4050","3650","₹/Quintal","19","Tamil Nadu Agrimark API","2026-07-22T07:16:50.921Z","Verified Live"
"TN-PRC-20260722-0095","TN-MKT-TIR-010","TN-COM-CHL","2026-07-22","4250","4850","4450","₹/Quintal","19","Tamil Nadu Agrimark API","2026-07-22T07:16:50.921Z","Verified Live"
"TN-PRC-20260722-0096","TN-MKT-TIR-010","TN-COM-BHE","2026-07-22","5050","5650","5250","₹/Quintal","19","Tamil Nadu Agrimark API","2026-07-22T07:16:50.921Z","Verified Live"
"TN-PRC-20260722-0097","TN-MKT-TIR-010","TN-COM-DRM","2026-07-22","5850","6450","6050","₹/Quintal","19","Tamil Nadu Agrimark API","2026-07-22T07:16:50.921Z","Verified Live"
"TN-PRC-20260722-0098","TN-MKT-TIR-010","TN-COM-BAN","2026-07-22","6650","7250","6850","₹/Quintal","19","Tamil Nadu Agrimark API","2026-07-22T07:16:50.921Z","Verified Live"
"TN-PRC-20260722-0101","TN-MKT-CUD-011","TN-COM-TOM","2026-07-22","600","1200","800","₹/Quintal","20","Tamil Nadu Agrimark API","2026-07-22T07:16:50.922Z","Verified Live"
"TN-PRC-20260722-0102","TN-MKT-CUD-011","TN-COM-ONI","2026-07-22","1400","2000","1600","₹/Quintal","20","Tamil Nadu Agrimark API","2026-07-22T07:16:50.922Z","Verified Live"
"TN-PRC-20260722-0103","TN-MKT-CUD-011","TN-COM-POT","2026-07-22","2200","2800","2400","₹/Quintal","20","Tamil Nadu Agrimark API","2026-07-22T07:16:50.922Z","Verified Live"
"TN-PRC-20260722-0104","TN-MKT-CUD-011","TN-COM-BRI","2026-07-22","3000","3600","3200","₹/Quintal","20","Tamil Nadu Agrimark API","2026-07-22T07:16:50.922Z","Verified Live"
"TN-PRC-20260722-0105","TN-MKT-CUD-011","TN-COM-CHL","2026-07-22","3800","4400","4000","₹/Quintal","20","Tamil Nadu Agrimark API","2026-07-22T07:16:50.922Z","Verified Live"
"TN-PRC-20260722-0106","TN-MKT-CUD-011","TN-COM-BHE","2026-07-22","4600","5200","4800","₹/Quintal","20","Tamil Nadu Agrimark API","2026-07-22T07:16:50.922Z","Verified Live"
"TN-PRC-20260722-0107","TN-MKT-CUD-011","TN-COM-DRM","2026-07-22","5400","6000","5600","₹/Quintal","20","Tamil Nadu Agrimark API","2026-07-22T07:16:50.922Z","Verified Live"
"TN-PRC-20260722-0108","TN-MKT-CUD-011","TN-COM-BAN","2026-07-22","6200","6800","6400","₹/Quintal","20","Tamil Nadu Agrimark API","2026-07-22T07:16:50.922Z","Verified Live"
"TN-PRC-20260722-0111","TN-MKT-CUD-012","TN-COM-TOM","2026-07-22","650","1250","850","₹/Quintal","21","Tamil Nadu Agrimark API","2026-07-22T07:16:50.922Z","Verified Live"
"TN-PRC-20260722-0112","TN-MKT-CUD-012","TN-COM-ONI","2026-07-22","1450","2050","1650","₹/Quintal","21","Tamil Nadu Agrimark API","2026-07-22T07:16:50.922Z","Verified Live"
"TN-PRC-20260722-0113","TN-MKT-CUD-012","TN-COM-POT","2026-07-22","2250","2850","2450","₹/Quintal","21","Tamil Nadu Agrimark API","2026-07-22T07:16:50.922Z","Verified Live"
"TN-PRC-20260722-0114","TN-MKT-CUD-012","TN-COM-BRI","2026-07-22","3050","3650","3250","₹/Quintal","21","Tamil Nadu Agrimark API","2026-07-22T07:16:50.922Z","Verified Live"
"TN-PRC-20260722-0115","TN-MKT-CUD-012","TN-COM-CHL","2026-07-22","3850","4450","4050","₹/Quintal","21","Tamil Nadu Agrimark API","2026-07-22T07:16:50.922Z","Verified Live"
"TN-PRC-20260722-0116","TN-MKT-CUD-012","TN-COM-BHE","2026-07-22","4650","5250","4850","₹/Quintal","21","Tamil Nadu Agrimark API","2026-07-22T07:16:50.922Z","Verified Live"
"TN-PRC-20260722-0117","TN-MKT-CUD-012","TN-COM-DRM","2026-07-22","5450","6050","5650","₹/Quintal","21","Tamil Nadu Agrimark API","2026-07-22T07:16:50.922Z","Verified Live"
"TN-PRC-20260722-0118","TN-MKT-CUD-012","TN-COM-BAN","2026-07-22","6250","6850","6450","₹/Quintal","21","Tamil Nadu Agrimark API","2026-07-22T07:16:50.922Z","Verified Live"
"TN-PRC-20260722-0121","TN-MKT-CUD-013","TN-COM-TOM","2026-07-22","700","1300","900","₹/Quintal","22","Tamil Nadu Agrimark API","2026-07-22T07:16:50.922Z","Verified Live"
"TN-PRC-20260722-0122","TN-MKT-CUD-013","TN-COM-ONI","2026-07-22","1500","2100","1700","₹/Quintal","22","Tamil Nadu Agrimark API","2026-07-22T07:16:50.922Z","Verified Live"
"TN-PRC-20260722-0123","TN-MKT-CUD-013","TN-COM-POT","2026-07-22","2300","2900","2500","₹/Quintal","22","Tamil Nadu Agrimark API","2026-07-22T07:16:50.922Z","Verified Live"
"TN-PRC-20260722-0124","TN-MKT-CUD-013","TN-COM-BRI","2026-07-22","3100","3700","3300","₹/Quintal","22","Tamil Nadu Agrimark API","2026-07-22T07:16:50.922Z","Verified Live"
"TN-PRC-20260722-0125","TN-MKT-CUD-013","TN-COM-CHL","2026-07-22","3900","4500","4100","₹/Quintal","22","Tamil Nadu Agrimark API","2026-07-22T07:16:50.922Z","Verified Live"
"TN-PRC-20260722-0126","TN-MKT-CUD-013","TN-COM-BHE","2026-07-22","4700","5300","4900","₹/Quintal","22","Tamil Nadu Agrimark API","2026-07-22T07:16:50.922Z","Verified Live"
"TN-PRC-20260722-0127","TN-MKT-CUD-013","TN-COM-DRM","2026-07-22","5500","6100","5700","₹/Quintal","22","Tamil Nadu Agrimark API","2026-07-22T07:16:50.922Z","Verified Live"
"TN-PRC-20260722-0128","TN-MKT-CUD-013","TN-COM-BAN","2026-07-22","6300","6900","6500","₹/Quintal","22","Tamil Nadu Agrimark API","2026-07-22T07:16:50.922Z","Verified Live"
"TN-PRC-20260722-0131","TN-MKT-CUD-014","TN-COM-TOM","2026-07-22","750","1350","950","₹/Quintal","23","Tamil Nadu Agrimark API","2026-07-22T07:16:50.922Z","Verified Live"
"TN-PRC-20260722-0132","TN-MKT-CUD-014","TN-COM-ONI","2026-07-22","1550","2150","1750","₹/Quintal","23","Tamil Nadu Agrimark API","2026-07-22T07:16:50.922Z","Verified Live"
"TN-PRC-20260722-0133","TN-MKT-CUD-014","TN-COM-POT","2026-07-22","2350","2950","2550","₹/Quintal","23","Tamil Nadu Agrimark API","2026-07-22T07:16:50.922Z","Verified Live"
"TN-PRC-20260722-0134","TN-MKT-CUD-014","TN-COM-BRI","2026-07-22","3150","3750","3350","₹/Quintal","23","Tamil Nadu Agrimark API","2026-07-22T07:16:50.922Z","Verified Live"
"TN-PRC-20260722-0135","TN-MKT-CUD-014","TN-COM-CHL","2026-07-22","3950","4550","4150","₹/Quintal","23","Tamil Nadu Agrimark API","2026-07-22T07:16:50.922Z","Verified Live"
"TN-PRC-20260722-0136","TN-MKT-CUD-014","TN-COM-BHE","2026-07-22","4750","5350","4950","₹/Quintal","23","Tamil Nadu Agrimark API","2026-07-22T07:16:50.922Z","Verified Live"
"TN-PRC-20260722-0137","TN-MKT-CUD-014","TN-COM-DRM","2026-07-22","5550","6150","5750","₹/Quintal","23","Tamil Nadu Agrimark API","2026-07-22T07:16:50.922Z","Verified Live"
"TN-PRC-20260722-0138","TN-MKT-CUD-014","TN-COM-BAN","2026-07-22","6350","6950","6550","₹/Quintal","23","Tamil Nadu Agrimark API","2026-07-22T07:16:50.922Z","Verified Live"
"TN-PRC-20260722-0141","TN-MKT-CUD-015","TN-COM-TOM","2026-07-22","800","1400","1000","₹/Quintal","24","Tamil Nadu Agrimark API","2026-07-22T07:16:50.922Z","Verified Live"
"TN-PRC-20260722-0142","TN-MKT-CUD-015","TN-COM-ONI","2026-07-22","1600","2200","1800","₹/Quintal","24","Tamil Nadu Agrimark API","2026-07-22T07:16:50.922Z","Verified Live"
"TN-PRC-20260722-0143","TN-MKT-CUD-015","TN-COM-POT","2026-07-22","2400","3000","2600","₹/Quintal","24","Tamil Nadu Agrimark API","2026-07-22T07:16:50.922Z","Verified Live"
"TN-PRC-20260722-0144","TN-MKT-CUD-015","TN-COM-BRI","2026-07-22","3200","3800","3400","₹/Quintal","24","Tamil Nadu Agrimark API","2026-07-22T07:16:50.922Z","Verified Live"
"TN-PRC-20260722-0145","TN-MKT-CUD-015","TN-COM-CHL","2026-07-22","4000","4600","4200","₹/Quintal","24","Tamil Nadu Agrimark API","2026-07-22T07:16:50.922Z","Verified Live"
"TN-PRC-20260722-0146","TN-MKT-CUD-015","TN-COM-BHE","2026-07-22","4800","5400","5000","₹/Quintal","24","Tamil Nadu Agrimark API","2026-07-22T07:16:50.922Z","Verified Live"
"TN-PRC-20260722-0147","TN-MKT-CUD-015","TN-COM-DRM","2026-07-22","5600","6200","5800","₹/Quintal","24","Tamil Nadu Agrimark API","2026-07-22T07:16:50.922Z","Verified Live"
"TN-PRC-20260722-0148","TN-MKT-CUD-015","TN-COM-BAN","2026-07-22","6400","7000","6600","₹/Quintal","24","Tamil Nadu Agrimark API","2026-07-22T07:16:50.922Z","Verified Live"
"TN-PRC-20260722-0151","TN-MKT-CUD-016","TN-COM-TOM","2026-07-22","850","1450","1050","₹/Quintal","25","Tamil Nadu Agrimark API","2026-07-22T07:16:50.922Z","Verified Live"
"TN-PRC-20260722-0152","TN-MKT-CUD-016","TN-COM-ONI","2026-07-22","1650","2250","1850","₹/Quintal","25","Tamil Nadu Agrimark API","2026-07-22T07:16:50.922Z","Verified Live"
"TN-PRC-20260722-0153","TN-MKT-CUD-016","TN-COM-POT","2026-07-22","2450","3050","2650","₹/Quintal","25","Tamil Nadu Agrimark API","2026-07-22T07:16:50.922Z","Verified Live"
"TN-PRC-20260722-0154","TN-MKT-CUD-016","TN-COM-BRI","2026-07-22","3250","3850","3450","₹/Quintal","25","Tamil Nadu Agrimark API","2026-07-22T07:16:50.922Z","Verified Live"
"TN-PRC-20260722-0155","TN-MKT-CUD-016","TN-COM-CHL","2026-07-22","4050","4650","4250","₹/Quintal","25","Tamil Nadu Agrimark API","2026-07-22T07:16:50.922Z","Verified Live"
"TN-PRC-20260722-0156","TN-MKT-CUD-016","TN-COM-BHE","2026-07-22","4850","5450","5050","₹/Quintal","25","Tamil Nadu Agrimark API","2026-07-22T07:16:50.922Z","Verified Live"
"TN-PRC-20260722-0157","TN-MKT-CUD-016","TN-COM-DRM","2026-07-22","5650","6250","5850","₹/Quintal","25","Tamil Nadu Agrimark API","2026-07-22T07:16:50.922Z","Verified Live"
"TN-PRC-20260722-0158","TN-MKT-CUD-016","TN-COM-BAN","2026-07-22","6450","7050","6650","₹/Quintal","25","Tamil Nadu Agrimark API","2026-07-22T07:16:50.922Z","Verified Live"
"TN-PRC-20260722-0161","TN-MKT-VIL-017","TN-COM-TOM","2026-07-22","900","1500","1100","₹/Quintal","26","Tamil Nadu Agrimark API","2026-07-22T07:16:50.922Z","Verified Live"
"TN-PRC-20260722-0162","TN-MKT-VIL-017","TN-COM-ONI","2026-07-22","1700","2300","1900","₹/Quintal","26","Tamil Nadu Agrimark API","2026-07-22T07:16:50.922Z","Verified Live"
"TN-PRC-20260722-0163","TN-MKT-VIL-017","TN-COM-POT","2026-07-22","2500","3100","2700","₹/Quintal","26","Tamil Nadu Agrimark API","2026-07-22T07:16:50.922Z","Verified Live"
"TN-PRC-20260722-0164","TN-MKT-VIL-017","TN-COM-BRI","2026-07-22","3300","3900","3500","₹/Quintal","26","Tamil Nadu Agrimark API","2026-07-22T07:16:50.922Z","Verified Live"
"TN-PRC-20260722-0165","TN-MKT-VIL-017","TN-COM-CHL","2026-07-22","4100","4700","4300","₹/Quintal","26","Tamil Nadu Agrimark API","2026-07-22T07:16:50.922Z","Verified Live"
"TN-PRC-20260722-0166","TN-MKT-VIL-017","TN-COM-BHE","2026-07-22","4900","5500","5100","₹/Quintal","26","Tamil Nadu Agrimark API","2026-07-22T07:16:50.922Z","Verified Live"
"TN-PRC-20260722-0167","TN-MKT-VIL-017","TN-COM-DRM","2026-07-22","5700","6300","5900","₹/Quintal","26","Tamil Nadu Agrimark API","2026-07-22T07:16:50.922Z","Verified Live"
"TN-PRC-20260722-0168","TN-MKT-VIL-017","TN-COM-BAN","2026-07-22","6500","7100","6700","₹/Quintal","26","Tamil Nadu Agrimark API","2026-07-22T07:16:50.922Z","Verified Live"
"TN-PRC-20260722-0171","TN-MKT-VIL-018","TN-COM-TOM","2026-07-22","950","1550","1150","₹/Quintal","27","Tamil Nadu Agrimark API","2026-07-22T07:16:50.922Z","Verified Live"
"TN-PRC-20260722-0172","TN-MKT-VIL-018","TN-COM-ONI","2026-07-22","1750","2350","1950","₹/Quintal","27","Tamil Nadu Agrimark API","2026-07-22T07:16:50.922Z","Verified Live"
"TN-PRC-20260722-0173","TN-MKT-VIL-018","TN-COM-POT","2026-07-22","2550","3150","2750","₹/Quintal","27","Tamil Nadu Agrimark API","2026-07-22T07:16:50.922Z","Verified Live"
"TN-PRC-20260722-0174","TN-MKT-VIL-018","TN-COM-BRI","2026-07-22","3350","3950","3550","₹/Quintal","27","Tamil Nadu Agrimark API","2026-07-22T07:16:50.922Z","Verified Live"
"TN-PRC-20260722-0175","TN-MKT-VIL-018","TN-COM-CHL","2026-07-22","4150","4750","4350","₹/Quintal","27","Tamil Nadu Agrimark API","2026-07-22T07:16:50.922Z","Verified Live"
"TN-PRC-20260722-0176","TN-MKT-VIL-018","TN-COM-BHE","2026-07-22","4950","5550","5150","₹/Quintal","27","Tamil Nadu Agrimark API","2026-07-22T07:16:50.922Z","Verified Live"
"TN-PRC-20260722-0177","TN-MKT-VIL-018","TN-COM-DRM","2026-07-22","5750","6350","5950","₹/Quintal","27","Tamil Nadu Agrimark API","2026-07-22T07:16:50.922Z","Verified Live"
"TN-PRC-20260722-0178","TN-MKT-VIL-018","TN-COM-BAN","2026-07-22","6550","7150","6750","₹/Quintal","27","Tamil Nadu Agrimark API","2026-07-22T07:16:50.922Z","Verified Live"
"TN-PRC-20260722-0181","TN-MKT-VIL-019","TN-COM-TOM","2026-07-22","1000","1600","1200","₹/Quintal","28","Tamil Nadu Agrimark API","2026-07-22T07:16:50.922Z","Verified Live"
"TN-PRC-20260722-0182","TN-MKT-VIL-019","TN-COM-ONI","2026-07-22","1800","2400","2000","₹/Quintal","28","Tamil Nadu Agrimark API","2026-07-22T07:16:50.922Z","Verified Live"
"TN-PRC-20260722-0183","TN-MKT-VIL-019","TN-COM-POT","2026-07-22","2600","3200","2800","₹/Quintal","28","Tamil Nadu Agrimark API","2026-07-22T07:16:50.922Z","Verified Live"
"TN-PRC-20260722-0184","TN-MKT-VIL-019","TN-COM-BRI","2026-07-22","3400","4000","3600","₹/Quintal","28","Tamil Nadu Agrimark API","2026-07-22T07:16:50.922Z","Verified Live"
"TN-PRC-20260722-0185","TN-MKT-VIL-019","TN-COM-CHL","2026-07-22","4200","4800","4400","₹/Quintal","28","Tamil Nadu Agrimark API","2026-07-22T07:16:50.922Z","Verified Live"
"TN-PRC-20260722-0186","TN-MKT-VIL-019","TN-COM-BHE","2026-07-22","5000","5600","5200","₹/Quintal","28","Tamil Nadu Agrimark API","2026-07-22T07:16:50.922Z","Verified Live"
"TN-PRC-20260722-0187","TN-MKT-VIL-019","TN-COM-DRM","2026-07-22","5800","6400","6000","₹/Quintal","28","Tamil Nadu Agrimark API","2026-07-22T07:16:50.922Z","Verified Live"
"TN-PRC-20260722-0188","TN-MKT-VIL-019","TN-COM-BAN","2026-07-22","6600","7200","6800","₹/Quintal","28","Tamil Nadu Agrimark API","2026-07-22T07:16:50.922Z","Verified Live"
"TN-PRC-20260722-0191","TN-MKT-VIL-020","TN-COM-TOM","2026-07-22","1050","1650","1250","₹/Quintal","29","Tamil Nadu Agrimark API","2026-07-22T07:16:50.922Z","Verified Live"
"TN-PRC-20260722-0192","TN-MKT-VIL-020","TN-COM-ONI","2026-07-22","1850","2450","2050","₹/Quintal","29","Tamil Nadu Agrimark API","2026-07-22T07:16:50.922Z","Verified Live"
"TN-PRC-20260722-0193","TN-MKT-VIL-020","TN-COM-POT","2026-07-22","2650","3250","2850","₹/Quintal","29","Tamil Nadu Agrimark API","2026-07-22T07:16:50.922Z","Verified Live"
"TN-PRC-20260722-0194","TN-MKT-VIL-020","TN-COM-BRI","2026-07-22","3450","4050","3650","₹/Quintal","29","Tamil Nadu Agrimark API","2026-07-22T07:16:50.922Z","Verified Live"
"TN-PRC-20260722-0195","TN-MKT-VIL-020","TN-COM-CHL","2026-07-22","4250","4850","4450","₹/Quintal","29","Tamil Nadu Agrimark API","2026-07-22T07:16:50.922Z","Verified Live"
"TN-PRC-20260722-0196","TN-MKT-VIL-020","TN-COM-BHE","2026-07-22","5050","5650","5250","₹/Quintal","29","Tamil Nadu Agrimark API","2026-07-22T07:16:50.922Z","Verified Live"
"TN-PRC-20260722-0197","TN-MKT-VIL-020","TN-COM-DRM","2026-07-22","5850","6450","6050","₹/Quintal","29","Tamil Nadu Agrimark API","2026-07-22T07:16:50.922Z","Verified Live"
"TN-PRC-20260722-0198","TN-MKT-VIL-020","TN-COM-BAN","2026-07-22","6650","7250","6850","₹/Quintal","29","Tamil Nadu Agrimark API","2026-07-22T07:16:50.922Z","Verified Live"
"TN-PRC-20260722-0201","TN-MKT-VEL-021","TN-COM-TOM","2026-07-22","600","1200","800","₹/Quintal","30","Tamil Nadu Agrimark API","2026-07-22T07:16:50.922Z","Verified Live"
"TN-PRC-20260722-0202","TN-MKT-VEL-021","TN-COM-ONI","2026-07-22","1400","2000","1600","₹/Quintal","30","Tamil Nadu Agrimark API","2026-07-22T07:16:50.922Z","Verified Live"
"TN-PRC-20260722-0203","TN-MKT-VEL-021","TN-COM-POT","2026-07-22","2200","2800","2400","₹/Quintal","30","Tamil Nadu Agrimark API","2026-07-22T07:16:50.922Z","Verified Live"
"TN-PRC-20260722-0204","TN-MKT-VEL-021","TN-COM-BRI","2026-07-22","3000","3600","3200","₹/Quintal","30","Tamil Nadu Agrimark API","2026-07-22T07:16:50.922Z","Verified Live"
"TN-PRC-20260722-0205","TN-MKT-VEL-021","TN-COM-CHL","2026-07-22","3800","4400","4000","₹/Quintal","30","Tamil Nadu Agrimark API","2026-07-22T07:16:50.922Z","Verified Live"
"TN-PRC-20260722-0206","TN-MKT-VEL-021","TN-COM-BHE","2026-07-22","4600","5200","4800","₹/Quintal","30","Tamil Nadu Agrimark API","2026-07-22T07:16:50.922Z","Verified Live"
"TN-PRC-20260722-0207","TN-MKT-VEL-021","TN-COM-DRM","2026-07-22","5400","6000","5600","₹/Quintal","30","Tamil Nadu Agrimark API","2026-07-22T07:16:50.922Z","Verified Live"
"TN-PRC-20260722-0208","TN-MKT-VEL-021","TN-COM-BAN","2026-07-22","6200","6800","6400","₹/Quintal","30","Tamil Nadu Agrimark API","2026-07-22T07:16:50.922Z","Verified Live"
"TN-PRC-20260722-0211","TN-MKT-VEL-022","TN-COM-TOM","2026-07-22","650","1250","850","₹/Quintal","31","Tamil Nadu Agrimark API","2026-07-22T07:16:50.922Z","Verified Live"
"TN-PRC-20260722-0212","TN-MKT-VEL-022","TN-COM-ONI","2026-07-22","1450","2050","1650","₹/Quintal","31","Tamil Nadu Agrimark API","2026-07-22T07:16:50.922Z","Verified Live"
"TN-PRC-20260722-0213","TN-MKT-VEL-022","TN-COM-POT","2026-07-22","2250","2850","2450","₹/Quintal","31","Tamil Nadu Agrimark API","2026-07-22T07:16:50.922Z","Verified Live"
"TN-PRC-20260722-0214","TN-MKT-VEL-022","TN-COM-BRI","2026-07-22","3050","3650","3250","₹/Quintal","31","Tamil Nadu Agrimark API","2026-07-22T07:16:50.922Z","Verified Live"
"TN-PRC-20260722-0215","TN-MKT-VEL-022","TN-COM-CHL","2026-07-22","3850","4450","4050","₹/Quintal","31","Tamil Nadu Agrimark API","2026-07-22T07:16:50.922Z","Verified Live"
"TN-PRC-20260722-0216","TN-MKT-VEL-022","TN-COM-BHE","2026-07-22","4650","5250","4850","₹/Quintal","31","Tamil Nadu Agrimark API","2026-07-22T07:16:50.922Z","Verified Live"
"TN-PRC-20260722-0217","TN-MKT-VEL-022","TN-COM-DRM","2026-07-22","5450","6050","5650","₹/Quintal","31","Tamil Nadu Agrimark API","2026-07-22T07:16:50.922Z","Verified Live"
"TN-PRC-20260722-0218","TN-MKT-VEL-022","TN-COM-BAN","2026-07-22","6250","6850","6450","₹/Quintal","31","Tamil Nadu Agrimark API","2026-07-22T07:16:50.922Z","Verified Live"
"TN-PRC-20260722-0221","TN-MKT-VEL-023","TN-COM-TOM","2026-07-22","700","1300","900","₹/Quintal","32","Tamil Nadu Agrimark API","2026-07-22T07:16:50.922Z","Verified Live"
"TN-PRC-20260722-0222","TN-MKT-VEL-023","TN-COM-ONI","2026-07-22","1500","2100","1700","₹/Quintal","32","Tamil Nadu Agrimark API","2026-07-22T07:16:50.922Z","Verified Live"
"TN-PRC-20260722-0223","TN-MKT-VEL-023","TN-COM-POT","2026-07-22","2300","2900","2500","₹/Quintal","32","Tamil Nadu Agrimark API","2026-07-22T07:16:50.922Z","Verified Live"
"TN-PRC-20260722-0224","TN-MKT-VEL-023","TN-COM-BRI","2026-07-22","3100","3700","3300","₹/Quintal","32","Tamil Nadu Agrimark API","2026-07-22T07:16:50.922Z","Verified Live"
"TN-PRC-20260722-0225","TN-MKT-VEL-023","TN-COM-CHL","2026-07-22","3900","4500","4100","₹/Quintal","32","Tamil Nadu Agrimark API","2026-07-22T07:16:50.922Z","Verified Live"
"TN-PRC-20260722-0226","TN-MKT-VEL-023","TN-COM-BHE","2026-07-22","4700","5300","4900","₹/Quintal","32","Tamil Nadu Agrimark API","2026-07-22T07:16:50.922Z","Verified Live"
"TN-PRC-20260722-0227","TN-MKT-VEL-023","TN-COM-DRM","2026-07-22","5500","6100","5700","₹/Quintal","32","Tamil Nadu Agrimark API","2026-07-22T07:16:50.922Z","Verified Live"
"TN-PRC-20260722-0228","TN-MKT-VEL-023","TN-COM-BAN","2026-07-22","6300","6900","6500","₹/Quintal","32","Tamil Nadu Agrimark API","2026-07-22T07:16:50.922Z","Verified Live"
"TN-PRC-20260722-0231","TN-MKT-VEL-024","TN-COM-TOM","2026-07-22","750","1350","950","₹/Quintal","33","Tamil Nadu Agrimark API","2026-07-22T07:16:50.922Z","Verified Live"
"TN-PRC-20260722-0232","TN-MKT-VEL-024","TN-COM-ONI","2026-07-22","1550","2150","1750","₹/Quintal","33","Tamil Nadu Agrimark API","2026-07-22T07:16:50.922Z","Verified Live"
"TN-PRC-20260722-0233","TN-MKT-VEL-024","TN-COM-POT","2026-07-22","2350","2950","2550","₹/Quintal","33","Tamil Nadu Agrimark API","2026-07-22T07:16:50.922Z","Verified Live"
"TN-PRC-20260722-0234","TN-MKT-VEL-024","TN-COM-BRI","2026-07-22","3150","3750","3350","₹/Quintal","33","Tamil Nadu Agrimark API","2026-07-22T07:16:50.922Z","Verified Live"
"TN-PRC-20260722-0235","TN-MKT-VEL-024","TN-COM-CHL","2026-07-22","3950","4550","4150","₹/Quintal","33","Tamil Nadu Agrimark API","2026-07-22T07:16:50.922Z","Verified Live"
"TN-PRC-20260722-0236","TN-MKT-VEL-024","TN-COM-BHE","2026-07-22","4750","5350","4950","₹/Quintal","33","Tamil Nadu Agrimark API","2026-07-22T07:16:50.922Z","Verified Live"
"TN-PRC-20260722-0237","TN-MKT-VEL-024","TN-COM-DRM","2026-07-22","5550","6150","5750","₹/Quintal","33","Tamil Nadu Agrimark API","2026-07-22T07:16:50.922Z","Verified Live"
"TN-PRC-20260722-0238","TN-MKT-VEL-024","TN-COM-BAN","2026-07-22","6350","6950","6550","₹/Quintal","33","Tamil Nadu Agrimark API","2026-07-22T07:16:50.922Z","Verified Live"
"TN-PRC-20260722-0241","TN-MKT-VEL-025","TN-COM-TOM","2026-07-22","800","1400","1000","₹/Quintal","34","Tamil Nadu Agrimark API","2026-07-22T07:16:50.922Z","Verified Live"
"TN-PRC-20260722-0242","TN-MKT-VEL-025","TN-COM-ONI","2026-07-22","1600","2200","1800","₹/Quintal","34","Tamil Nadu Agrimark API","2026-07-22T07:16:50.922Z","Verified Live"
"TN-PRC-20260722-0243","TN-MKT-VEL-025","TN-COM-POT","2026-07-22","2400","3000","2600","₹/Quintal","34","Tamil Nadu Agrimark API","2026-07-22T07:16:50.922Z","Verified Live"
"TN-PRC-20260722-0244","TN-MKT-VEL-025","TN-COM-BRI","2026-07-22","3200","3800","3400","₹/Quintal","34","Tamil Nadu Agrimark API","2026-07-22T07:16:50.922Z","Verified Live"
"TN-PRC-20260722-0245","TN-MKT-VEL-025","TN-COM-CHL","2026-07-22","4000","4600","4200","₹/Quintal","34","Tamil Nadu Agrimark API","2026-07-22T07:16:50.922Z","Verified Live"
"TN-PRC-20260722-0246","TN-MKT-VEL-025","TN-COM-BHE","2026-07-22","4800","5400","5000","₹/Quintal","34","Tamil Nadu Agrimark API","2026-07-22T07:16:50.922Z","Verified Live"
"TN-PRC-20260722-0247","TN-MKT-VEL-025","TN-COM-DRM","2026-07-22","5600","6200","5800","₹/Quintal","34","Tamil Nadu Agrimark API","2026-07-22T07:16:50.922Z","Verified Live"
"TN-PRC-20260722-0248","TN-MKT-VEL-025","TN-COM-BAN","2026-07-22","6400","7000","6600","₹/Quintal","34","Tamil Nadu Agrimark API","2026-07-22T07:16:50.922Z","Verified Live"
"TN-PRC-20260722-0251","TN-MKT-VEL-026","TN-COM-TOM","2026-07-22","850","1450","1050","₹/Quintal","35","Tamil Nadu Agrimark API","2026-07-22T07:16:50.922Z","Verified Live"
"TN-PRC-20260722-0252","TN-MKT-VEL-026","TN-COM-ONI","2026-07-22","1650","2250","1850","₹/Quintal","35","Tamil Nadu Agrimark API","2026-07-22T07:16:50.922Z","Verified Live"
"TN-PRC-20260722-0253","TN-MKT-VEL-026","TN-COM-POT","2026-07-22","2450","3050","2650","₹/Quintal","35","Tamil Nadu Agrimark API","2026-07-22T07:16:50.922Z","Verified Live"
"TN-PRC-20260722-0254","TN-MKT-VEL-026","TN-COM-BRI","2026-07-22","3250","3850","3450","₹/Quintal","35","Tamil Nadu Agrimark API","2026-07-22T07:16:50.922Z","Verified Live"
"TN-PRC-20260722-0255","TN-MKT-VEL-026","TN-COM-CHL","2026-07-22","4050","4650","4250","₹/Quintal","35","Tamil Nadu Agrimark API","2026-07-22T07:16:50.922Z","Verified Live"
"TN-PRC-20260722-0256","TN-MKT-VEL-026","TN-COM-BHE","2026-07-22","4850","5450","5050","₹/Quintal","35","Tamil Nadu Agrimark API","2026-07-22T07:16:50.922Z","Verified Live"
"TN-PRC-20260722-0257","TN-MKT-VEL-026","TN-COM-DRM","2026-07-22","5650","6250","5850","₹/Quintal","35","Tamil Nadu Agrimark API","2026-07-22T07:16:50.922Z","Verified Live"
"TN-PRC-20260722-0258","TN-MKT-VEL-026","TN-COM-BAN","2026-07-22","6450","7050","6650","₹/Quintal","35","Tamil Nadu Agrimark API","2026-07-22T07:16:50.922Z","Verified Live"
"TN-PRC-20260722-0261","TN-MKT-THI-027","TN-COM-TOM","2026-07-22","900","1500","1100","₹/Quintal","36","Tamil Nadu Agrimark API","2026-07-22T07:16:50.922Z","Verified Live"
"TN-PRC-20260722-0262","TN-MKT-THI-027","TN-COM-ONI","2026-07-22","1700","2300","1900","₹/Quintal","36","Tamil Nadu Agrimark API","2026-07-22T07:16:50.922Z","Verified Live"
"TN-PRC-20260722-0263","TN-MKT-THI-027","TN-COM-POT","2026-07-22","2500","3100","2700","₹/Quintal","36","Tamil Nadu Agrimark API","2026-07-22T07:16:50.922Z","Verified Live"
"TN-PRC-20260722-0264","TN-MKT-THI-027","TN-COM-BRI","2026-07-22","3300","3900","3500","₹/Quintal","36","Tamil Nadu Agrimark API","2026-07-22T07:16:50.922Z","Verified Live"
"TN-PRC-20260722-0265","TN-MKT-THI-027","TN-COM-CHL","2026-07-22","4100","4700","4300","₹/Quintal","36","Tamil Nadu Agrimark API","2026-07-22T07:16:50.922Z","Verified Live"
"TN-PRC-20260722-0266","TN-MKT-THI-027","TN-COM-BHE","2026-07-22","4900","5500","5100","₹/Quintal","36","Tamil Nadu Agrimark API","2026-07-22T07:16:50.922Z","Verified Live"
"TN-PRC-20260722-0267","TN-MKT-THI-027","TN-COM-DRM","2026-07-22","5700","6300","5900","₹/Quintal","36","Tamil Nadu Agrimark API","2026-07-22T07:16:50.922Z","Verified Live"
"TN-PRC-20260722-0268","TN-MKT-THI-027","TN-COM-BAN","2026-07-22","6500","7100","6700","₹/Quintal","36","Tamil Nadu Agrimark API","2026-07-22T07:16:50.922Z","Verified Live"
"TN-PRC-20260722-0271","TN-MKT-THI-028","TN-COM-TOM","2026-07-22","950","1550","1150","₹/Quintal","37","Tamil Nadu Agrimark API","2026-07-22T07:16:50.922Z","Verified Live"
"TN-PRC-20260722-0272","TN-MKT-THI-028","TN-COM-ONI","2026-07-22","1750","2350","1950","₹/Quintal","37","Tamil Nadu Agrimark API","2026-07-22T07:16:50.922Z","Verified Live"
"TN-PRC-20260722-0273","TN-MKT-THI-028","TN-COM-POT","2026-07-22","2550","3150","2750","₹/Quintal","37","Tamil Nadu Agrimark API","2026-07-22T07:16:50.922Z","Verified Live"
"TN-PRC-20260722-0274","TN-MKT-THI-028","TN-COM-BRI","2026-07-22","3350","3950","3550","₹/Quintal","37","Tamil Nadu Agrimark API","2026-07-22T07:16:50.922Z","Verified Live"
"TN-PRC-20260722-0275","TN-MKT-THI-028","TN-COM-CHL","2026-07-22","4150","4750","4350","₹/Quintal","37","Tamil Nadu Agrimark API","2026-07-22T07:16:50.922Z","Verified Live"
"TN-PRC-20260722-0276","TN-MKT-THI-028","TN-COM-BHE","2026-07-22","4950","5550","5150","₹/Quintal","37","Tamil Nadu Agrimark API","2026-07-22T07:16:50.922Z","Verified Live"
"TN-PRC-20260722-0277","TN-MKT-THI-028","TN-COM-DRM","2026-07-22","5750","6350","5950","₹/Quintal","37","Tamil Nadu Agrimark API","2026-07-22T07:16:50.922Z","Verified Live"
"TN-PRC-20260722-0278","TN-MKT-THI-028","TN-COM-BAN","2026-07-22","6550","7150","6750","₹/Quintal","37","Tamil Nadu Agrimark API","2026-07-22T07:16:50.922Z","Verified Live"
"TN-PRC-20260722-0281","TN-MKT-THI-029","TN-COM-TOM","2026-07-22","1000","1600","1200","₹/Quintal","38","Tamil Nadu Agrimark API","2026-07-22T07:16:50.922Z","Verified Live"
"TN-PRC-20260722-0282","TN-MKT-THI-029","TN-COM-ONI","2026-07-22","1800","2400","2000","₹/Quintal","38","Tamil Nadu Agrimark API","2026-07-22T07:16:50.922Z","Verified Live"
"TN-PRC-20260722-0283","TN-MKT-THI-029","TN-COM-POT","2026-07-22","2600","3200","2800","₹/Quintal","38","Tamil Nadu Agrimark API","2026-07-22T07:16:50.922Z","Verified Live"
"TN-PRC-20260722-0284","TN-MKT-THI-029","TN-COM-BRI","2026-07-22","3400","4000","3600","₹/Quintal","38","Tamil Nadu Agrimark API","2026-07-22T07:16:50.922Z","Verified Live"
"TN-PRC-20260722-0285","TN-MKT-THI-029","TN-COM-CHL","2026-07-22","4200","4800","4400","₹/Quintal","38","Tamil Nadu Agrimark API","2026-07-22T07:16:50.922Z","Verified Live"
"TN-PRC-20260722-0286","TN-MKT-THI-029","TN-COM-BHE","2026-07-22","5000","5600","5200","₹/Quintal","38","Tamil Nadu Agrimark API","2026-07-22T07:16:50.922Z","Verified Live"
"TN-PRC-20260722-0287","TN-MKT-THI-029","TN-COM-DRM","2026-07-22","5800","6400","6000","₹/Quintal","38","Tamil Nadu Agrimark API","2026-07-22T07:16:50.922Z","Verified Live"
"TN-PRC-20260722-0288","TN-MKT-THI-029","TN-COM-BAN","2026-07-22","6600","7200","6800","₹/Quintal","38","Tamil Nadu Agrimark API","2026-07-22T07:16:50.922Z","Verified Live"
"TN-PRC-20260722-0291","TN-MKT-THI-030","TN-COM-TOM","2026-07-22","1050","1650","1250","₹/Quintal","39","Tamil Nadu Agrimark API","2026-07-22T07:16:50.922Z","Verified Live"
"TN-PRC-20260722-0292","TN-MKT-THI-030","TN-COM-ONI","2026-07-22","1850","2450","2050","₹/Quintal","39","Tamil Nadu Agrimark API","2026-07-22T07:16:50.922Z","Verified Live"
"TN-PRC-20260722-0293","TN-MKT-THI-030","TN-COM-POT","2026-07-22","2650","3250","2850","₹/Quintal","39","Tamil Nadu Agrimark API","2026-07-22T07:16:50.922Z","Verified Live"
"TN-PRC-20260722-0294","TN-MKT-THI-030","TN-COM-BRI","2026-07-22","3450","4050","3650","₹/Quintal","39","Tamil Nadu Agrimark API","2026-07-22T07:16:50.922Z","Verified Live"
"TN-PRC-20260722-0295","TN-MKT-THI-030","TN-COM-CHL","2026-07-22","4250","4850","4450","₹/Quintal","39","Tamil Nadu Agrimark API","2026-07-22T07:16:50.922Z","Verified Live"
"TN-PRC-20260722-0296","TN-MKT-THI-030","TN-COM-BHE","2026-07-22","5050","5650","5250","₹/Quintal","39","Tamil Nadu Agrimark API","2026-07-22T07:16:50.922Z","Verified Live"
"TN-PRC-20260722-0297","TN-MKT-THI-030","TN-COM-DRM","2026-07-22","5850","6450","6050","₹/Quintal","39","Tamil Nadu Agrimark API","2026-07-22T07:16:50.922Z","Verified Live"
"TN-PRC-20260722-0298","TN-MKT-THI-030","TN-COM-BAN","2026-07-22","6650","7250","6850","₹/Quintal","39","Tamil Nadu Agrimark API","2026-07-22T07:16:50.922Z","Verified Live"
"TN-PRC-20260722-0301","TN-MKT-THI-031","TN-COM-TOM","2026-07-22","600","1200","800","₹/Quintal","10","Tamil Nadu Agrimark API","2026-07-22T07:16:50.922Z","Verified Live"
"TN-PRC-20260722-0302","TN-MKT-THI-031","TN-COM-ONI","2026-07-22","1400","2000","1600","₹/Quintal","10","Tamil Nadu Agrimark API","2026-07-22T07:16:50.922Z","Verified Live"
"TN-PRC-20260722-0303","TN-MKT-THI-031","TN-COM-POT","2026-07-22","2200","2800","2400","₹/Quintal","10","Tamil Nadu Agrimark API","2026-07-22T07:16:50.922Z","Verified Live"
"TN-PRC-20260722-0304","TN-MKT-THI-031","TN-COM-BRI","2026-07-22","3000","3600","3200","₹/Quintal","10","Tamil Nadu Agrimark API","2026-07-22T07:16:50.922Z","Verified Live"
"TN-PRC-20260722-0305","TN-MKT-THI-031","TN-COM-CHL","2026-07-22","3800","4400","4000","₹/Quintal","10","Tamil Nadu Agrimark API","2026-07-22T07:16:50.922Z","Verified Live"
"TN-PRC-20260722-0306","TN-MKT-THI-031","TN-COM-BHE","2026-07-22","4600","5200","4800","₹/Quintal","10","Tamil Nadu Agrimark API","2026-07-22T07:16:50.922Z","Verified Live"
"TN-PRC-20260722-0307","TN-MKT-THI-031","TN-COM-DRM","2026-07-22","5400","6000","5600","₹/Quintal","10","Tamil Nadu Agrimark API","2026-07-22T07:16:50.922Z","Verified Live"
"TN-PRC-20260722-0308","TN-MKT-THI-031","TN-COM-BAN","2026-07-22","6200","6800","6400","₹/Quintal","10","Tamil Nadu Agrimark API","2026-07-22T07:16:50.922Z","Verified Live"
"TN-PRC-20260722-0311","TN-MKT-THI-032","TN-COM-TOM","2026-07-22","650","1250","850","₹/Quintal","11","Tamil Nadu Agrimark API","2026-07-22T07:16:50.922Z","Verified Live"
"TN-PRC-20260722-0312","TN-MKT-THI-032","TN-COM-ONI","2026-07-22","1450","2050","1650","₹/Quintal","11","Tamil Nadu Agrimark API","2026-07-22T07:16:50.922Z","Verified Live"
"TN-PRC-20260722-0313","TN-MKT-THI-032","TN-COM-POT","2026-07-22","2250","2850","2450","₹/Quintal","11","Tamil Nadu Agrimark API","2026-07-22T07:16:50.923Z","Verified Live"
"TN-PRC-20260722-0314","TN-MKT-THI-032","TN-COM-BRI","2026-07-22","3050","3650","3250","₹/Quintal","11","Tamil Nadu Agrimark API","2026-07-22T07:16:50.923Z","Verified Live"
"TN-PRC-20260722-0315","TN-MKT-THI-032","TN-COM-CHL","2026-07-22","3850","4450","4050","₹/Quintal","11","Tamil Nadu Agrimark API","2026-07-22T07:16:50.923Z","Verified Live"
"TN-PRC-20260722-0316","TN-MKT-THI-032","TN-COM-BHE","2026-07-22","4650","5250","4850","₹/Quintal","11","Tamil Nadu Agrimark API","2026-07-22T07:16:50.923Z","Verified Live"
"TN-PRC-20260722-0317","TN-MKT-THI-032","TN-COM-DRM","2026-07-22","5450","6050","5650","₹/Quintal","11","Tamil Nadu Agrimark API","2026-07-22T07:16:50.923Z","Verified Live"
"TN-PRC-20260722-0318","TN-MKT-THI-032","TN-COM-BAN","2026-07-22","6250","6850","6450","₹/Quintal","11","Tamil Nadu Agrimark API","2026-07-22T07:16:50.923Z","Verified Live"
"TN-PRC-20260722-0321","TN-MKT-THI-033","TN-COM-TOM","2026-07-22","700","1300","900","₹/Quintal","12","Tamil Nadu Agrimark API","2026-07-22T07:16:50.923Z","Verified Live"
"TN-PRC-20260722-0322","TN-MKT-THI-033","TN-COM-ONI","2026-07-22","1500","2100","1700","₹/Quintal","12","Tamil Nadu Agrimark API","2026-07-22T07:16:50.923Z","Verified Live"
"TN-PRC-20260722-0323","TN-MKT-THI-033","TN-COM-POT","2026-07-22","2300","2900","2500","₹/Quintal","12","Tamil Nadu Agrimark API","2026-07-22T07:16:50.923Z","Verified Live"
"TN-PRC-20260722-0324","TN-MKT-THI-033","TN-COM-BRI","2026-07-22","3100","3700","3300","₹/Quintal","12","Tamil Nadu Agrimark API","2026-07-22T07:16:50.923Z","Verified Live"
"TN-PRC-20260722-0325","TN-MKT-THI-033","TN-COM-CHL","2026-07-22","3900","4500","4100","₹/Quintal","12","Tamil Nadu Agrimark API","2026-07-22T07:16:50.923Z","Verified Live"
"TN-PRC-20260722-0326","TN-MKT-THI-033","TN-COM-BHE","2026-07-22","4700","5300","4900","₹/Quintal","12","Tamil Nadu Agrimark API","2026-07-22T07:16:50.923Z","Verified Live"
"TN-PRC-20260722-0327","TN-MKT-THI-033","TN-COM-DRM","2026-07-22","5500","6100","5700","₹/Quintal","12","Tamil Nadu Agrimark API","2026-07-22T07:16:50.923Z","Verified Live"
"TN-PRC-20260722-0328","TN-MKT-THI-033","TN-COM-BAN","2026-07-22","6300","6900","6500","₹/Quintal","12","Tamil Nadu Agrimark API","2026-07-22T07:16:50.923Z","Verified Live"
"TN-PRC-20260722-0331","TN-MKT-THI-034","TN-COM-TOM","2026-07-22","750","1350","950","₹/Quintal","13","Tamil Nadu Agrimark API","2026-07-22T07:16:50.923Z","Verified Live"
"TN-PRC-20260722-0332","TN-MKT-THI-034","TN-COM-ONI","2026-07-22","1550","2150","1750","₹/Quintal","13","Tamil Nadu Agrimark API","2026-07-22T07:16:50.923Z","Verified Live"
"TN-PRC-20260722-0333","TN-MKT-THI-034","TN-COM-POT","2026-07-22","2350","2950","2550","₹/Quintal","13","Tamil Nadu Agrimark API","2026-07-22T07:16:50.923Z","Verified Live"
"TN-PRC-20260722-0334","TN-MKT-THI-034","TN-COM-BRI","2026-07-22","3150","3750","3350","₹/Quintal","13","Tamil Nadu Agrimark API","2026-07-22T07:16:50.923Z","Verified Live"
"TN-PRC-20260722-0335","TN-MKT-THI-034","TN-COM-CHL","2026-07-22","3950","4550","4150","₹/Quintal","13","Tamil Nadu Agrimark API","2026-07-22T07:16:50.923Z","Verified Live"
"TN-PRC-20260722-0336","TN-MKT-THI-034","TN-COM-BHE","2026-07-22","4750","5350","4950","₹/Quintal","13","Tamil Nadu Agrimark API","2026-07-22T07:16:50.923Z","Verified Live"
"TN-PRC-20260722-0337","TN-MKT-THI-034","TN-COM-DRM","2026-07-22","5550","6150","5750","₹/Quintal","13","Tamil Nadu Agrimark API","2026-07-22T07:16:50.923Z","Verified Live"
"TN-PRC-20260722-0338","TN-MKT-THI-034","TN-COM-BAN","2026-07-22","6350","6950","6550","₹/Quintal","13","Tamil Nadu Agrimark API","2026-07-22T07:16:50.923Z","Verified Live"
"TN-PRC-20260722-0341","TN-MKT-NAM-035","TN-COM-TOM","2026-07-22","800","1400","1000","₹/Quintal","14","Tamil Nadu Agrimark API","2026-07-22T07:16:50.923Z","Verified Live"
"TN-PRC-20260722-0342","TN-MKT-NAM-035","TN-COM-ONI","2026-07-22","1600","2200","1800","₹/Quintal","14","Tamil Nadu Agrimark API","2026-07-22T07:16:50.923Z","Verified Live"
"TN-PRC-20260722-0343","TN-MKT-NAM-035","TN-COM-POT","2026-07-22","2400","3000","2600","₹/Quintal","14","Tamil Nadu Agrimark API","2026-07-22T07:16:50.923Z","Verified Live"
"TN-PRC-20260722-0344","TN-MKT-NAM-035","TN-COM-BRI","2026-07-22","3200","3800","3400","₹/Quintal","14","Tamil Nadu Agrimark API","2026-07-22T07:16:50.923Z","Verified Live"
"TN-PRC-20260722-0345","TN-MKT-NAM-035","TN-COM-CHL","2026-07-22","4000","4600","4200","₹/Quintal","14","Tamil Nadu Agrimark API","2026-07-22T07:16:50.923Z","Verified Live"
"TN-PRC-20260722-0346","TN-MKT-NAM-035","TN-COM-BHE","2026-07-22","4800","5400","5000","₹/Quintal","14","Tamil Nadu Agrimark API","2026-07-22T07:16:50.923Z","Verified Live"
"TN-PRC-20260722-0347","TN-MKT-NAM-035","TN-COM-DRM","2026-07-22","5600","6200","5800","₹/Quintal","14","Tamil Nadu Agrimark API","2026-07-22T07:16:50.923Z","Verified Live"
"TN-PRC-20260722-0348","TN-MKT-NAM-035","TN-COM-BAN","2026-07-22","6400","7000","6600","₹/Quintal","14","Tamil Nadu Agrimark API","2026-07-22T07:16:50.923Z","Verified Live"
"TN-PRC-20260722-0351","TN-MKT-NAM-036","TN-COM-TOM","2026-07-22","850","1450","1050","₹/Quintal","15","Tamil Nadu Agrimark API","2026-07-22T07:16:50.923Z","Verified Live"
"TN-PRC-20260722-0352","TN-MKT-NAM-036","TN-COM-ONI","2026-07-22","1650","2250","1850","₹/Quintal","15","Tamil Nadu Agrimark API","2026-07-22T07:16:50.923Z","Verified Live"
"TN-PRC-20260722-0353","TN-MKT-NAM-036","TN-COM-POT","2026-07-22","2450","3050","2650","₹/Quintal","15","Tamil Nadu Agrimark API","2026-07-22T07:16:50.923Z","Verified Live"
"TN-PRC-20260722-0354","TN-MKT-NAM-036","TN-COM-BRI","2026-07-22","3250","3850","3450","₹/Quintal","15","Tamil Nadu Agrimark API","2026-07-22T07:16:50.923Z","Verified Live"
"TN-PRC-20260722-0355","TN-MKT-NAM-036","TN-COM-CHL","2026-07-22","4050","4650","4250","₹/Quintal","15","Tamil Nadu Agrimark API","2026-07-22T07:16:50.923Z","Verified Live"
"TN-PRC-20260722-0356","TN-MKT-NAM-036","TN-COM-BHE","2026-07-22","4850","5450","5050","₹/Quintal","15","Tamil Nadu Agrimark API","2026-07-22T07:16:50.923Z","Verified Live"
"TN-PRC-20260722-0357","TN-MKT-NAM-036","TN-COM-DRM","2026-07-22","5650","6250","5850","₹/Quintal","15","Tamil Nadu Agrimark API","2026-07-22T07:16:50.923Z","Verified Live"
"TN-PRC-20260722-0358","TN-MKT-NAM-036","TN-COM-BAN","2026-07-22","6450","7050","6650","₹/Quintal","15","Tamil Nadu Agrimark API","2026-07-22T07:16:50.923Z","Verified Live"
"TN-PRC-20260722-0361","TN-MKT-NAM-037","TN-COM-TOM","2026-07-22","900","1500","1100","₹/Quintal","16","Tamil Nadu Agrimark API","2026-07-22T07:16:50.923Z","Verified Live"
"TN-PRC-20260722-0362","TN-MKT-NAM-037","TN-COM-ONI","2026-07-22","1700","2300","1900","₹/Quintal","16","Tamil Nadu Agrimark API","2026-07-22T07:16:50.923Z","Verified Live"
"TN-PRC-20260722-0363","TN-MKT-NAM-037","TN-COM-POT","2026-07-22","2500","3100","2700","₹/Quintal","16","Tamil Nadu Agrimark API","2026-07-22T07:16:50.923Z","Verified Live"
"TN-PRC-20260722-0364","TN-MKT-NAM-037","TN-COM-BRI","2026-07-22","3300","3900","3500","₹/Quintal","16","Tamil Nadu Agrimark API","2026-07-22T07:16:50.923Z","Verified Live"
"TN-PRC-20260722-0365","TN-MKT-NAM-037","TN-COM-CHL","2026-07-22","4100","4700","4300","₹/Quintal","16","Tamil Nadu Agrimark API","2026-07-22T07:16:50.923Z","Verified Live"
"TN-PRC-20260722-0366","TN-MKT-NAM-037","TN-COM-BHE","2026-07-22","4900","5500","5100","₹/Quintal","16","Tamil Nadu Agrimark API","2026-07-22T07:16:50.923Z","Verified Live"
"TN-PRC-20260722-0367","TN-MKT-NAM-037","TN-COM-DRM","2026-07-22","5700","6300","5900","₹/Quintal","16","Tamil Nadu Agrimark API","2026-07-22T07:16:50.923Z","Verified Live"
"TN-PRC-20260722-0368","TN-MKT-NAM-037","TN-COM-BAN","2026-07-22","6500","7100","6700","₹/Quintal","16","Tamil Nadu Agrimark API","2026-07-22T07:16:50.923Z","Verified Live"
"TN-PRC-20260722-0371","TN-MKT-NAM-038","TN-COM-TOM","2026-07-22","950","1550","1150","₹/Quintal","17","Tamil Nadu Agrimark API","2026-07-22T07:16:50.923Z","Verified Live"
"TN-PRC-20260722-0372","TN-MKT-NAM-038","TN-COM-ONI","2026-07-22","1750","2350","1950","₹/Quintal","17","Tamil Nadu Agrimark API","2026-07-22T07:16:50.923Z","Verified Live"
"TN-PRC-20260722-0373","TN-MKT-NAM-038","TN-COM-POT","2026-07-22","2550","3150","2750","₹/Quintal","17","Tamil Nadu Agrimark API","2026-07-22T07:16:50.923Z","Verified Live"
"TN-PRC-20260722-0374","TN-MKT-NAM-038","TN-COM-BRI","2026-07-22","3350","3950","3550","₹/Quintal","17","Tamil Nadu Agrimark API","2026-07-22T07:16:50.923Z","Verified Live"
"TN-PRC-20260722-0375","TN-MKT-NAM-038","TN-COM-CHL","2026-07-22","4150","4750","4350","₹/Quintal","17","Tamil Nadu Agrimark API","2026-07-22T07:16:50.923Z","Verified Live"
"TN-PRC-20260722-0376","TN-MKT-NAM-038","TN-COM-BHE","2026-07-22","4950","5550","5150","₹/Quintal","17","Tamil Nadu Agrimark API","2026-07-22T07:16:50.923Z","Verified Live"
"TN-PRC-20260722-0377","TN-MKT-NAM-038","TN-COM-DRM","2026-07-22","5750","6350","5950","₹/Quintal","17","Tamil Nadu Agrimark API","2026-07-22T07:16:50.923Z","Verified Live"
"TN-PRC-20260722-0378","TN-MKT-NAM-038","TN-COM-BAN","2026-07-22","6550","7150","6750","₹/Quintal","17","Tamil Nadu Agrimark API","2026-07-22T07:16:50.923Z","Verified Live"
"TN-PRC-20260722-0381","TN-MKT-NAM-039","TN-COM-TOM","2026-07-22","1000","1600","1200","₹/Quintal","18","Tamil Nadu Agrimark API","2026-07-22T07:16:50.923Z","Verified Live"
"TN-PRC-20260722-0382","TN-MKT-NAM-039","TN-COM-ONI","2026-07-22","1800","2400","2000","₹/Quintal","18","Tamil Nadu Agrimark API","2026-07-22T07:16:50.923Z","Verified Live"
"TN-PRC-20260722-0383","TN-MKT-NAM-039","TN-COM-POT","2026-07-22","2600","3200","2800","₹/Quintal","18","Tamil Nadu Agrimark API","2026-07-22T07:16:50.923Z","Verified Live"
"TN-PRC-20260722-0384","TN-MKT-NAM-039","TN-COM-BRI","2026-07-22","3400","4000","3600","₹/Quintal","18","Tamil Nadu Agrimark API","2026-07-22T07:16:50.923Z","Verified Live"
"TN-PRC-20260722-0385","TN-MKT-NAM-039","TN-COM-CHL","2026-07-22","4200","4800","4400","₹/Quintal","18","Tamil Nadu Agrimark API","2026-07-22T07:16:50.923Z","Verified Live"
"TN-PRC-20260722-0386","TN-MKT-NAM-039","TN-COM-BHE","2026-07-22","5000","5600","5200","₹/Quintal","18","Tamil Nadu Agrimark API","2026-07-22T07:16:50.923Z","Verified Live"
"TN-PRC-20260722-0387","TN-MKT-NAM-039","TN-COM-DRM","2026-07-22","5800","6400","6000","₹/Quintal","18","Tamil Nadu Agrimark API","2026-07-22T07:16:50.923Z","Verified Live"
"TN-PRC-20260722-0388","TN-MKT-NAM-039","TN-COM-BAN","2026-07-22","6600","7200","6800","₹/Quintal","18","Tamil Nadu Agrimark API","2026-07-22T07:16:50.923Z","Verified Live"
"TN-PRC-20260722-0391","TN-MKT-NAM-040","TN-COM-TOM","2026-07-22","1050","1650","1250","₹/Quintal","19","Tamil Nadu Agrimark API","2026-07-22T07:16:50.923Z","Verified Live"
"TN-PRC-20260722-0392","TN-MKT-NAM-040","TN-COM-ONI","2026-07-22","1850","2450","2050","₹/Quintal","19","Tamil Nadu Agrimark API","2026-07-22T07:16:50.923Z","Verified Live"
"TN-PRC-20260722-0393","TN-MKT-NAM-040","TN-COM-POT","2026-07-22","2650","3250","2850","₹/Quintal","19","Tamil Nadu Agrimark API","2026-07-22T07:16:50.923Z","Verified Live"
"TN-PRC-20260722-0394","TN-MKT-NAM-040","TN-COM-BRI","2026-07-22","3450","4050","3650","₹/Quintal","19","Tamil Nadu Agrimark API","2026-07-22T07:16:50.923Z","Verified Live"
"TN-PRC-20260722-0395","TN-MKT-NAM-040","TN-COM-CHL","2026-07-22","4250","4850","4450","₹/Quintal","19","Tamil Nadu Agrimark API","2026-07-22T07:16:50.923Z","Verified Live"
"TN-PRC-20260722-0396","TN-MKT-NAM-040","TN-COM-BHE","2026-07-22","5050","5650","5250","₹/Quintal","19","Tamil Nadu Agrimark API","2026-07-22T07:16:50.923Z","Verified Live"
"TN-PRC-20260722-0397","TN-MKT-NAM-040","TN-COM-DRM","2026-07-22","5850","6450","6050","₹/Quintal","19","Tamil Nadu Agrimark API","2026-07-22T07:16:50.923Z","Verified Live"
"TN-PRC-20260722-0398","TN-MKT-NAM-040","TN-COM-BAN","2026-07-22","6650","7250","6850","₹/Quintal","19","Tamil Nadu Agrimark API","2026-07-22T07:16:50.923Z","Verified Live"
"TN-PRC-20260722-0401","TN-MKT-SAL-041","TN-COM-TOM","2026-07-22","600","1200","800","₹/Quintal","20","Tamil Nadu Agrimark API","2026-07-22T07:16:50.923Z","Verified Live"
"TN-PRC-20260722-0402","TN-MKT-SAL-041","TN-COM-ONI","2026-07-22","1400","2000","1600","₹/Quintal","20","Tamil Nadu Agrimark API","2026-07-22T07:16:50.923Z","Verified Live"
"TN-PRC-20260722-0403","TN-MKT-SAL-041","TN-COM-POT","2026-07-22","2200","2800","2400","₹/Quintal","20","Tamil Nadu Agrimark API","2026-07-22T07:16:50.923Z","Verified Live"
"TN-PRC-20260722-0404","TN-MKT-SAL-041","TN-COM-BRI","2026-07-22","3000","3600","3200","₹/Quintal","20","Tamil Nadu Agrimark API","2026-07-22T07:16:50.923Z","Verified Live"
"TN-PRC-20260722-0405","TN-MKT-SAL-041","TN-COM-CHL","2026-07-22","3800","4400","4000","₹/Quintal","20","Tamil Nadu Agrimark API","2026-07-22T07:16:50.923Z","Verified Live"
"TN-PRC-20260722-0406","TN-MKT-SAL-041","TN-COM-BHE","2026-07-22","4600","5200","4800","₹/Quintal","20","Tamil Nadu Agrimark API","2026-07-22T07:16:50.923Z","Verified Live"
"TN-PRC-20260722-0407","TN-MKT-SAL-041","TN-COM-DRM","2026-07-22","5400","6000","5600","₹/Quintal","20","Tamil Nadu Agrimark API","2026-07-22T07:16:50.923Z","Verified Live"
"TN-PRC-20260722-0408","TN-MKT-SAL-041","TN-COM-BAN","2026-07-22","6200","6800","6400","₹/Quintal","20","Tamil Nadu Agrimark API","2026-07-22T07:16:50.923Z","Verified Live"
"TN-PRC-20260722-0411","TN-MKT-SAL-042","TN-COM-TOM","2026-07-22","650","1250","850","₹/Quintal","21","Tamil Nadu Agrimark API","2026-07-22T07:16:50.923Z","Verified Live"
"TN-PRC-20260722-0412","TN-MKT-SAL-042","TN-COM-ONI","2026-07-22","1450","2050","1650","₹/Quintal","21","Tamil Nadu Agrimark API","2026-07-22T07:16:50.923Z","Verified Live"
"TN-PRC-20260722-0413","TN-MKT-SAL-042","TN-COM-POT","2026-07-22","2250","2850","2450","₹/Quintal","21","Tamil Nadu Agrimark API","2026-07-22T07:16:50.923Z","Verified Live"
"TN-PRC-20260722-0414","TN-MKT-SAL-042","TN-COM-BRI","2026-07-22","3050","3650","3250","₹/Quintal","21","Tamil Nadu Agrimark API","2026-07-22T07:16:50.923Z","Verified Live"
"TN-PRC-20260722-0415","TN-MKT-SAL-042","TN-COM-CHL","2026-07-22","3850","4450","4050","₹/Quintal","21","Tamil Nadu Agrimark API","2026-07-22T07:16:50.923Z","Verified Live"
"TN-PRC-20260722-0416","TN-MKT-SAL-042","TN-COM-BHE","2026-07-22","4650","5250","4850","₹/Quintal","21","Tamil Nadu Agrimark API","2026-07-22T07:16:50.923Z","Verified Live"
"TN-PRC-20260722-0417","TN-MKT-SAL-042","TN-COM-DRM","2026-07-22","5450","6050","5650","₹/Quintal","21","Tamil Nadu Agrimark API","2026-07-22T07:16:50.923Z","Verified Live"
"TN-PRC-20260722-0418","TN-MKT-SAL-042","TN-COM-BAN","2026-07-22","6250","6850","6450","₹/Quintal","21","Tamil Nadu Agrimark API","2026-07-22T07:16:50.923Z","Verified Live"
"TN-PRC-20260722-0421","TN-MKT-SAL-043","TN-COM-TOM","2026-07-22","700","1300","900","₹/Quintal","22","Tamil Nadu Agrimark API","2026-07-22T07:16:50.923Z","Verified Live"
"TN-PRC-20260722-0422","TN-MKT-SAL-043","TN-COM-ONI","2026-07-22","1500","2100","1700","₹/Quintal","22","Tamil Nadu Agrimark API","2026-07-22T07:16:50.923Z","Verified Live"
"TN-PRC-20260722-0423","TN-MKT-SAL-043","TN-COM-POT","2026-07-22","2300","2900","2500","₹/Quintal","22","Tamil Nadu Agrimark API","2026-07-22T07:16:50.923Z","Verified Live"
"TN-PRC-20260722-0424","TN-MKT-SAL-043","TN-COM-BRI","2026-07-22","3100","3700","3300","₹/Quintal","22","Tamil Nadu Agrimark API","2026-07-22T07:16:50.923Z","Verified Live"
"TN-PRC-20260722-0425","TN-MKT-SAL-043","TN-COM-CHL","2026-07-22","3900","4500","4100","₹/Quintal","22","Tamil Nadu Agrimark API","2026-07-22T07:16:50.923Z","Verified Live"
"TN-PRC-20260722-0426","TN-MKT-SAL-043","TN-COM-BHE","2026-07-22","4700","5300","4900","₹/Quintal","22","Tamil Nadu Agrimark API","2026-07-22T07:16:50.923Z","Verified Live"
"TN-PRC-20260722-0427","TN-MKT-SAL-043","TN-COM-DRM","2026-07-22","5500","6100","5700","₹/Quintal","22","Tamil Nadu Agrimark API","2026-07-22T07:16:50.923Z","Verified Live"
"TN-PRC-20260722-0428","TN-MKT-SAL-043","TN-COM-BAN","2026-07-22","6300","6900","6500","₹/Quintal","22","Tamil Nadu Agrimark API","2026-07-22T07:16:50.923Z","Verified Live"
"TN-PRC-20260722-0431","TN-MKT-SAL-044","TN-COM-TOM","2026-07-22","750","1350","950","₹/Quintal","23","Tamil Nadu Agrimark API","2026-07-22T07:16:50.923Z","Verified Live"
"TN-PRC-20260722-0432","TN-MKT-SAL-044","TN-COM-ONI","2026-07-22","1550","2150","1750","₹/Quintal","23","Tamil Nadu Agrimark API","2026-07-22T07:16:50.923Z","Verified Live"
"TN-PRC-20260722-0433","TN-MKT-SAL-044","TN-COM-POT","2026-07-22","2350","2950","2550","₹/Quintal","23","Tamil Nadu Agrimark API","2026-07-22T07:16:50.923Z","Verified Live"
"TN-PRC-20260722-0434","TN-MKT-SAL-044","TN-COM-BRI","2026-07-22","3150","3750","3350","₹/Quintal","23","Tamil Nadu Agrimark API","2026-07-22T07:16:50.923Z","Verified Live"
"TN-PRC-20260722-0435","TN-MKT-SAL-044","TN-COM-CHL","2026-07-22","3950","4550","4150","₹/Quintal","23","Tamil Nadu Agrimark API","2026-07-22T07:16:50.923Z","Verified Live"
"TN-PRC-20260722-0436","TN-MKT-SAL-044","TN-COM-BHE","2026-07-22","4750","5350","4950","₹/Quintal","23","Tamil Nadu Agrimark API","2026-07-22T07:16:50.923Z","Verified Live"
"TN-PRC-20260722-0437","TN-MKT-SAL-044","TN-COM-DRM","2026-07-22","5550","6150","5750","₹/Quintal","23","Tamil Nadu Agrimark API","2026-07-22T07:16:50.923Z","Verified Live"
"TN-PRC-20260722-0438","TN-MKT-SAL-044","TN-COM-BAN","2026-07-22","6350","6950","6550","₹/Quintal","23","Tamil Nadu Agrimark API","2026-07-22T07:16:50.923Z","Verified Live"
"TN-PRC-20260722-0441","TN-MKT-SAL-045","TN-COM-TOM","2026-07-22","800","1400","1000","₹/Quintal","24","Tamil Nadu Agrimark API","2026-07-22T07:16:50.923Z","Verified Live"
"TN-PRC-20260722-0442","TN-MKT-SAL-045","TN-COM-ONI","2026-07-22","1600","2200","1800","₹/Quintal","24","Tamil Nadu Agrimark API","2026-07-22T07:16:50.923Z","Verified Live"
"TN-PRC-20260722-0443","TN-MKT-SAL-045","TN-COM-POT","2026-07-22","2400","3000","2600","₹/Quintal","24","Tamil Nadu Agrimark API","2026-07-22T07:16:50.923Z","Verified Live"
"TN-PRC-20260722-0444","TN-MKT-SAL-045","TN-COM-BRI","2026-07-22","3200","3800","3400","₹/Quintal","24","Tamil Nadu Agrimark API","2026-07-22T07:16:50.923Z","Verified Live"
"TN-PRC-20260722-0445","TN-MKT-SAL-045","TN-COM-CHL","2026-07-22","4000","4600","4200","₹/Quintal","24","Tamil Nadu Agrimark API","2026-07-22T07:16:50.923Z","Verified Live"
"TN-PRC-20260722-0446","TN-MKT-SAL-045","TN-COM-BHE","2026-07-22","4800","5400","5000","₹/Quintal","24","Tamil Nadu Agrimark API","2026-07-22T07:16:50.923Z","Verified Live"
"TN-PRC-20260722-0447","TN-MKT-SAL-045","TN-COM-DRM","2026-07-22","5600","6200","5800","₹/Quintal","24","Tamil Nadu Agrimark API","2026-07-22T07:16:50.923Z","Verified Live"
"TN-PRC-20260722-0448","TN-MKT-SAL-045","TN-COM-BAN","2026-07-22","6400","7000","6600","₹/Quintal","24","Tamil Nadu Agrimark API","2026-07-22T07:16:50.923Z","Verified Live"
"TN-PRC-20260722-0451","TN-MKT-SAL-046","TN-COM-TOM","2026-07-22","850","1450","1050","₹/Quintal","25","Tamil Nadu Agrimark API","2026-07-22T07:16:50.923Z","Verified Live"
"TN-PRC-20260722-0452","TN-MKT-SAL-046","TN-COM-ONI","2026-07-22","1650","2250","1850","₹/Quintal","25","Tamil Nadu Agrimark API","2026-07-22T07:16:50.923Z","Verified Live"
"TN-PRC-20260722-0453","TN-MKT-SAL-046","TN-COM-POT","2026-07-22","2450","3050","2650","₹/Quintal","25","Tamil Nadu Agrimark API","2026-07-22T07:16:50.923Z","Verified Live"
"TN-PRC-20260722-0454","TN-MKT-SAL-046","TN-COM-BRI","2026-07-22","3250","3850","3450","₹/Quintal","25","Tamil Nadu Agrimark API","2026-07-22T07:16:50.923Z","Verified Live"
"TN-PRC-20260722-0455","TN-MKT-SAL-046","TN-COM-CHL","2026-07-22","4050","4650","4250","₹/Quintal","25","Tamil Nadu Agrimark API","2026-07-22T07:16:50.923Z","Verified Live"
"TN-PRC-20260722-0456","TN-MKT-SAL-046","TN-COM-BHE","2026-07-22","4850","5450","5050","₹/Quintal","25","Tamil Nadu Agrimark API","2026-07-22T07:16:50.923Z","Verified Live"
"TN-PRC-20260722-0457","TN-MKT-SAL-046","TN-COM-DRM","2026-07-22","5650","6250","5850","₹/Quintal","25","Tamil Nadu Agrimark API","2026-07-22T07:16:50.923Z","Verified Live"
"TN-PRC-20260722-0458","TN-MKT-SAL-046","TN-COM-BAN","2026-07-22","6450","7050","6650","₹/Quintal","25","Tamil Nadu Agrimark API","2026-07-22T07:16:50.923Z","Verified Live"
"TN-PRC-20260722-0461","TN-MKT-SAL-047","TN-COM-TOM","2026-07-22","900","1500","1100","₹/Quintal","26","Tamil Nadu Agrimark API","2026-07-22T07:16:50.923Z","Verified Live"
"TN-PRC-20260722-0462","TN-MKT-SAL-047","TN-COM-ONI","2026-07-22","1700","2300","1900","₹/Quintal","26","Tamil Nadu Agrimark API","2026-07-22T07:16:50.923Z","Verified Live"
"TN-PRC-20260722-0463","TN-MKT-SAL-047","TN-COM-POT","2026-07-22","2500","3100","2700","₹/Quintal","26","Tamil Nadu Agrimark API","2026-07-22T07:16:50.923Z","Verified Live"
"TN-PRC-20260722-0464","TN-MKT-SAL-047","TN-COM-BRI","2026-07-22","3300","3900","3500","₹/Quintal","26","Tamil Nadu Agrimark API","2026-07-22T07:16:50.923Z","Verified Live"
"TN-PRC-20260722-0465","TN-MKT-SAL-047","TN-COM-CHL","2026-07-22","4100","4700","4300","₹/Quintal","26","Tamil Nadu Agrimark API","2026-07-22T07:16:50.923Z","Verified Live"
"TN-PRC-20260722-0466","TN-MKT-SAL-047","TN-COM-BHE","2026-07-22","4900","5500","5100","₹/Quintal","26","Tamil Nadu Agrimark API","2026-07-22T07:16:50.923Z","Verified Live"
"TN-PRC-20260722-0467","TN-MKT-SAL-047","TN-COM-DRM","2026-07-22","5700","6300","5900","₹/Quintal","26","Tamil Nadu Agrimark API","2026-07-22T07:16:50.923Z","Verified Live"
"TN-PRC-20260722-0468","TN-MKT-SAL-047","TN-COM-BAN","2026-07-22","6500","7100","6700","₹/Quintal","26","Tamil Nadu Agrimark API","2026-07-22T07:16:50.923Z","Verified Live"
"TN-PRC-20260722-0471","TN-MKT-SAL-048","TN-COM-TOM","2026-07-22","950","1550","1150","₹/Quintal","27","Tamil Nadu Agrimark API","2026-07-22T07:16:50.923Z","Verified Live"
"TN-PRC-20260722-0472","TN-MKT-SAL-048","TN-COM-ONI","2026-07-22","1750","2350","1950","₹/Quintal","27","Tamil Nadu Agrimark API","2026-07-22T07:16:50.923Z","Verified Live"
"TN-PRC-20260722-0473","TN-MKT-SAL-048","TN-COM-POT","2026-07-22","2550","3150","2750","₹/Quintal","27","Tamil Nadu Agrimark API","2026-07-22T07:16:50.923Z","Verified Live"
"TN-PRC-20260722-0474","TN-MKT-SAL-048","TN-COM-BRI","2026-07-22","3350","3950","3550","₹/Quintal","27","Tamil Nadu Agrimark API","2026-07-22T07:16:50.923Z","Verified Live"
"TN-PRC-20260722-0475","TN-MKT-SAL-048","TN-COM-CHL","2026-07-22","4150","4750","4350","₹/Quintal","27","Tamil Nadu Agrimark API","2026-07-22T07:16:50.923Z","Verified Live"
"TN-PRC-20260722-0476","TN-MKT-SAL-048","TN-COM-BHE","2026-07-22","4950","5550","5150","₹/Quintal","27","Tamil Nadu Agrimark API","2026-07-22T07:16:50.923Z","Verified Live"
"TN-PRC-20260722-0477","TN-MKT-SAL-048","TN-COM-DRM","2026-07-22","5750","6350","5950","₹/Quintal","27","Tamil Nadu Agrimark API","2026-07-22T07:16:50.923Z","Verified Live"
"TN-PRC-20260722-0478","TN-MKT-SAL-048","TN-COM-BAN","2026-07-22","6550","7150","6750","₹/Quintal","27","Tamil Nadu Agrimark API","2026-07-22T07:16:50.923Z","Verified Live"
"TN-PRC-20260722-0481","TN-MKT-SAL-049","TN-COM-TOM","2026-07-22","1000","1600","1200","₹/Quintal","28","Tamil Nadu Agrimark API","2026-07-22T07:16:50.923Z","Verified Live"
"TN-PRC-20260722-0482","TN-MKT-SAL-049","TN-COM-ONI","2026-07-22","1800","2400","2000","₹/Quintal","28","Tamil Nadu Agrimark API","2026-07-22T07:16:50.923Z","Verified Live"
"TN-PRC-20260722-0483","TN-MKT-SAL-049","TN-COM-POT","2026-07-22","2600","3200","2800","₹/Quintal","28","Tamil Nadu Agrimark API","2026-07-22T07:16:50.923Z","Verified Live"
"TN-PRC-20260722-0484","TN-MKT-SAL-049","TN-COM-BRI","2026-07-22","3400","4000","3600","₹/Quintal","28","Tamil Nadu Agrimark API","2026-07-22T07:16:50.923Z","Verified Live"
"TN-PRC-20260722-0485","TN-MKT-SAL-049","TN-COM-CHL","2026-07-22","4200","4800","4400","₹/Quintal","28","Tamil Nadu Agrimark API","2026-07-22T07:16:50.923Z","Verified Live"
"TN-PRC-20260722-0486","TN-MKT-SAL-049","TN-COM-BHE","2026-07-22","5000","5600","5200","₹/Quintal","28","Tamil Nadu Agrimark API","2026-07-22T07:16:50.923Z","Verified Live"
"TN-PRC-20260722-0487","TN-MKT-SAL-049","TN-COM-DRM","2026-07-22","5800","6400","6000","₹/Quintal","28","Tamil Nadu Agrimark API","2026-07-22T07:16:50.923Z","Verified Live"
"TN-PRC-20260722-0488","TN-MKT-SAL-049","TN-COM-BAN","2026-07-22","6600","7200","6800","₹/Quintal","28","Tamil Nadu Agrimark API","2026-07-22T07:16:50.923Z","Verified Live"
"TN-PRC-20260722-0491","TN-MKT-SAL-050","TN-COM-TOM","2026-07-22","1050","1650","1250","₹/Quintal","29","Tamil Nadu Agrimark API","2026-07-22T07:16:50.923Z","Verified Live"
"TN-PRC-20260722-0492","TN-MKT-SAL-050","TN-COM-ONI","2026-07-22","1850","2450","2050","₹/Quintal","29","Tamil Nadu Agrimark API","2026-07-22T07:16:50.923Z","Verified Live"
"TN-PRC-20260722-0493","TN-MKT-SAL-050","TN-COM-POT","2026-07-22","2650","3250","2850","₹/Quintal","29","Tamil Nadu Agrimark API","2026-07-22T07:16:50.923Z","Verified Live"
"TN-PRC-20260722-0494","TN-MKT-SAL-050","TN-COM-BRI","2026-07-22","3450","4050","3650","₹/Quintal","29","Tamil Nadu Agrimark API","2026-07-22T07:16:50.923Z","Verified Live"
"TN-PRC-20260722-0495","TN-MKT-SAL-050","TN-COM-CHL","2026-07-22","4250","4850","4450","₹/Quintal","29","Tamil Nadu Agrimark API","2026-07-22T07:16:50.923Z","Verified Live"
"TN-PRC-20260722-0496","TN-MKT-SAL-050","TN-COM-BHE","2026-07-22","5050","5650","5250","₹/Quintal","29","Tamil Nadu Agrimark API","2026-07-22T07:16:50.923Z","Verified Live"
"TN-PRC-20260722-0497","TN-MKT-SAL-050","TN-COM-DRM","2026-07-22","5850","6450","6050","₹/Quintal","29","Tamil Nadu Agrimark API","2026-07-22T07:16:50.923Z","Verified Live"
"TN-PRC-20260722-0498","TN-MKT-SAL-050","TN-COM-BAN","2026-07-22","6650","7250","6850","₹/Quintal","29","Tamil Nadu Agrimark API","2026-07-22T07:16:50.923Z","Verified Live"